Time,GC Util,heapSize,numThreads,GCInterval,Container
0.0,66.0,100,100,100,02
0.0,66.0,100,100,100,02
236.0,0.0,100.0,100.0,100,02
236.0,0.0,100.0,100.0,100,02
563.0,134.0,101.56,100.0,100,02
563.0,134.0,101.56,100.0,100,02
742.0,22.0,103.12,100.0,100,02
742.0,22.0,103.12,100.0,100,02
3247.0,12.0,104.69,100.0,100,02
3247.0,12.0,104.69,100.0,100,02
5605.0,17.0,106.25,100.0,100,02
5605.0,17.0,106.25,100.0,100,02
7188.0,32.0,107.81,100.0,100,02
7188.0,32.0,107.81,100.0,100,02
8403.0,71.0,109.38,100.0,100,02
8403.0,71.0,109.38,100.0,100,02
10297.0,79.0,110.94,100.0,100,02
10297.0,79.0,110.94,100.0,100,02
12056.0,32.0,112.5,100.0,100,02
12056.0,32.0,112.5,100.0,100,02
13742.0,14.0,114.06,100.0,100,02
13742.0,14.0,114.06,100.0,100,02
15007.0,17.0,115.62,100.0,100,02
15007.0,17.0,115.62,100.0,100,02
16321.0,47.0,117.19,100.0,100,02
16321.0,47.0,117.19,100.0,100,02
17531.0,77.0,118.75,100.0,100,02
17531.0,77.0,118.75,100.0,100,02
18911.0,11.0,120.31,100.0,100,02
18911.0,11.0,120.31,100.0,100,02
20379.0,46.0,121.88,100.0,100,02
20379.0,46.0,121.88,100.0,100,02
21731.0,73.0,123.44,100.0,100,02
21731.0,73.0,123.44,100.0,100,02
23352.0,53.0,125.0,100.0,100,02
23352.0,53.0,125.0,100.0,100,02
25267.0,49.0,126.56,100.0,100,02
25267.0,49.0,126.56,100.0,100,02
27905.0,75.0,128.12,100.0,100,02
27905.0,75.0,128.12,100.0,100,02
30016.0,71.0,129.69,100.0,100,02
30016.0,71.0,129.69,100.0,100,02
32211.0,67.0,131.25,100.0,100,02
32211.0,67.0,131.25,100.0,100,02
34564.0,68.0,132.81,100.0,100,02
34564.0,68.0,132.81,100.0,100,02
37044.0,0.0,134.38,100.0,100,02
37044.0,0.0,134.38,100.0,100,02
38962.0,44.0,135.94,100.0,100,02
38962.0,44.0,135.94,100.0,100,02
41544.0,46.0,137.5,100.0,100,02
41544.0,46.0,137.5,100.0,100,02
44007.0,58.0,139.06,100.0,100,02
44007.0,58.0,139.06,100.0,100,02
46579.0,57.0,140.62,100.0,100,02
46579.0,57.0,140.62,100.0,100,02
49884.0,60.0,142.19,100.0,100,02
49884.0,60.0,142.19,100.0,100,02
53231.0,63.0,143.75,100.0,100,02
53231.0,63.0,143.75,100.0,100,02
56054.0,72.0,145.31,6.25,100,02
56054.0,72.0,145.31,6.25,100,02
59809.0,106.0,146.88,100.0,100,02
59809.0,106.0,146.88,100.0,100,02
62634.0,54.0,148.44,100.0,100,02
62634.0,54.0,148.44,100.0,100,02
66149.0,57.0,150.0,100.0,100,02
66149.0,57.0,150.0,100.0,100,02
69603.0,74.0,151.56,100.0,100,02
69603.0,74.0,151.56,100.0,100,02
73518.0,0.0,153.12,100.0,100,02
73518.0,0.0,153.12,100.0,100,02
77307.0,104.0,154.69,50.0,100,02
77307.0,104.0,154.69,50.0,100,02
80720.0,95.0,156.25,100.0,100,02
80720.0,95.0,156.25,100.0,100,02
83718.0,68.0,157.81,100.0,100,02
83718.0,68.0,157.81,100.0,100,02
86832.0,63.0,159.38,100.0,100,02
86832.0,63.0,159.38,100.0,100,02
90888.0,157.0,160.94,100.0,100,02
90888.0,157.0,160.94,100.0,100,02
94511.0,77.0,162.5,100.0,100,02
94511.0,77.0,162.5,100.0,100,02
98767.0,69.0,164.06,100.0,100,02
98767.0,69.0,164.06,100.0,100,02
102772.0,78.0,165.62,100.0,100,02
102772.0,78.0,165.62,100.0,100,02
108030.0,70.0,167.19,100.0,100,02
108030.0,70.0,167.19,100.0,100,02
112334.0,99.0,168.75,100.0,100,02
112334.0,99.0,168.75,100.0,100,02
117144.0,36.0,170.31,100.0,100,02
117144.0,36.0,170.31,100.0,100,02
119238.0,40.0,171.88,100.0,100,02
119238.0,40.0,171.88,100.0,100,02
119845.0,123.0,173.44,50.0,100,02
119845.0,123.0,173.44,50.0,100,02
121125.0,95.0,175.0,100.0,100,02
121125.0,95.0,175.0,100.0,100,02
121474.0,42.0,176.56,100.0,100,02
121474.0,42.0,176.56,100.0,100,02
121782.0,91.0,178.12,100.0,100,02
121782.0,91.0,178.12,100.0,100,02
121992.0,67.0,179.69,100.0,100,02
121992.0,67.0,179.69,100.0,100,02
122240.0,111.0,181.25,100.0,100,02
122240.0,111.0,181.25,100.0,100,02
122448.0,83.0,182.81,100.0,100,02
122448.0,83.0,182.81,100.0,100,02
122586.0,44.0,184.38,100.0,100,02
122586.0,44.0,184.38,100.0,100,02
122775.0,57.0,185.94,100.0,100,02
122775.0,57.0,185.94,100.0,100,02
122916.0,96.0,187.5,100.0,100,02
122916.0,96.0,187.5,100.0,100,02
122994.0,71.0,189.06,100.0,100,02
122994.0,71.0,189.06,100.0,100,02
123085.0,126.0,190.62,100.0,100,02
123085.0,126.0,190.62,100.0,100,02
123191.0,75.0,192.19,100.0,100,02
123191.0,75.0,192.19,100.0,100,02
123278.0,114.0,193.75,100.0,100,02
123278.0,114.0,193.75,100.0,100,02
123495.0,112.0,195.31,100.0,100,02
123495.0,112.0,195.31,100.0,100,02
123616.0,64.0,196.88,100.0,100,02
123616.0,64.0,196.88,100.0,100,02
123698.0,65.0,198.44,100.0,100,02
123698.0,65.0,198.44,100.0,100,02
123805.0,121.0,200.0,100.0,100,02
123805.0,121.0,200.0,100.0,100,02
123933.0,88.0,201.56,100.0,100,02
123933.0,88.0,201.56,100.0,100,02
124045.0,84.0,203.12,100.0,100,02
124045.0,84.0,203.12,100.0,100,02
124140.0,75.0,204.69,100.0,100,02
124140.0,75.0,204.69,100.0,100,02
124240.0,69.0,206.25,100.0,100,02
124240.0,69.0,206.25,100.0,100,02
124340.0,56.0,207.81,100.0,100,02
124340.0,56.0,207.81,100.0,100,02
124427.0,50.0,209.38,100.0,100,02
124427.0,50.0,209.38,100.0,100,02
124506.0,67.0,210.94,100.0,100,02
124506.0,67.0,210.94,100.0,100,02
124606.0,59.0,212.5,100.0,100,02
124606.0,59.0,212.5,100.0,100,02
124689.0,47.0,214.06,100.0,100,02
124689.0,47.0,214.06,100.0,100,02
124774.0,61.0,215.62,100.0,100,02
124774.0,61.0,215.62,100.0,100,02
124861.0,113.0,217.19,100.0,100,02
124861.0,113.0,217.19,100.0,100,02
124943.0,51.0,218.75,100.0,100,02
124943.0,51.0,218.75,100.0,100,02
125029.0,57.0,220.31,100.0,100,02
125029.0,57.0,220.31,100.0,100,02
125142.0,64.0,221.88,100.0,100,02
125142.0,64.0,221.88,100.0,100,02
125218.0,58.0,223.44,100.0,100,02
125218.0,58.0,223.44,100.0,100,02
125285.0,49.0,225.0,100.0,100,02
125285.0,49.0,225.0,100.0,100,02
125383.0,61.0,226.56,100.0,100,02
125383.0,61.0,226.56,100.0,100,02
125453.0,98.0,228.12,100.0,100,02
125453.0,98.0,228.12,100.0,100,02
125587.0,79.0,229.69,6.25,100,02
125587.0,79.0,229.69,6.25,100,02
125831.0,107.0,231.25,100.0,100,02
125831.0,107.0,231.25,100.0,100,02
126223.0,46.0,232.81,100.0,100,02
126223.0,46.0,232.81,100.0,100,02
126490.0,65.0,234.38,6.25,100,02
126490.0,65.0,234.38,6.25,100,02
126704.0,105.0,235.94,100.0,100,02
126704.0,105.0,235.94,100.0,100,02
126830.0,43.0,237.5,100.0,100,02
126830.0,43.0,237.5,100.0,100,02
126944.0,29.0,239.06,100.0,100,02
126944.0,29.0,239.06,100.0,100,02
127043.0,35.0,240.62,100.0,100,02
127043.0,35.0,240.62,100.0,100,02
127144.0,35.0,242.19,100.0,100,02
127144.0,35.0,242.19,100.0,100,02
127274.0,33.0,243.75,100.0,100,02
127274.0,33.0,243.75,100.0,100,02
127381.0,30.0,245.31,100.0,100,02
127381.0,30.0,245.31,100.0,100,02
127492.0,42.0,246.88,100.0,100,02
127492.0,42.0,246.88,100.0,100,02
127609.0,26.0,248.44,100.0,100,02
127609.0,26.0,248.44,100.0,100,02
127747.0,17.0,250.0,100.0,100,02
127747.0,17.0,250.0,100.0,100,02
127899.0,17.0,251.56,100.0,100,02
127899.0,17.0,251.56,100.0,100,02
128033.0,15.0,253.12,100.0,100,02
128033.0,15.0,253.12,100.0,100,02
128100.0,27.0,254.69,100.0,100,02
128100.0,27.0,254.69,100.0,100,02
128175.0,102.0,256.25,100.0,100,02
128175.0,102.0,256.25,100.0,100,02
128318.0,47.0,257.81,100.0,100,02
128318.0,47.0,257.81,100.0,100,02
128391.0,23.0,259.38,100.0,100,02
128391.0,23.0,259.38,100.0,100,02
128466.0,62.0,260.94,100.0,100,02
128466.0,62.0,260.94,100.0,100,02
128531.0,49.0,262.5,100.0,100,02
128531.0,49.0,262.5,100.0,100,02
128601.0,68.0,264.06,100.0,100,02
128601.0,68.0,264.06,100.0,100,02
128674.0,61.0,265.62,100.0,100,02
128674.0,61.0,265.62,100.0,100,02
128734.0,88.0,267.19,100.0,100,02
128734.0,88.0,267.19,100.0,100,02
128807.0,61.0,268.75,100.0,100,02
128807.0,61.0,268.75,100.0,100,02
128888.0,56.0,270.31,100.0,100,02
128888.0,56.0,270.31,100.0,100,02
129067.0,65.0,271.88,100.0,100,02
129067.0,65.0,271.88,100.0,100,02
129159.0,18.0,273.44,100.0,100,02
129159.0,18.0,273.44,100.0,100,02
129247.0,113.0,275.0,100.0,100,02
129247.0,113.0,275.0,100.0,100,02
129330.0,43.0,276.56,50.0,100,02
129330.0,43.0,276.56,50.0,100,02
129401.0,97.0,278.12,100.0,100,02
129401.0,97.0,278.12,100.0,100,02
129487.0,40.0,279.69,100.0,100,02
129487.0,40.0,279.69,100.0,100,02
129676.0,28.0,281.25,100.0,100,02
129676.0,28.0,281.25,100.0,100,02
129969.0,15.0,282.81,100.0,100,02
129969.0,15.0,282.81,100.0,100,02
130156.0,11.0,284.38,100.0,100,02
130156.0,11.0,284.38,100.0,100,02
130338.0,24.0,285.94,100.0,100,02
130338.0,24.0,285.94,100.0,100,02
130420.0,12.0,287.5,100.0,100,02
130420.0,12.0,287.5,100.0,100,02
130560.0,61.0,289.06,100.0,100,02
130560.0,61.0,289.06,100.0,100,02
130654.0,97.0,290.62,100.0,100,02
130654.0,97.0,290.62,100.0,100,02
130748.0,116.0,292.19,100.0,100,02
130748.0,116.0,292.19,100.0,100,02
130842.0,40.0,293.75,100.0,100,02
130842.0,40.0,293.75,100.0,100,02
130952.0,54.0,295.31,100.0,100,02
130952.0,54.0,295.31,100.0,100,02
133401.0,48.0,296.88,100.0,100,02
133401.0,48.0,296.88,100.0,100,02
133475.0,75.0,298.44,100.0,100,02
133475.0,75.0,298.44,100.0,100,02
133537.0,64.0,300.0,100.0,100,02
133537.0,64.0,300.0,100.0,100,02
133595.0,52.0,301.56,100.0,100,02
133595.0,52.0,301.56,100.0,100,02
133652.0,39.0,303.12,100.0,100,02
133652.0,39.0,303.12,100.0,100,02
133712.0,57.0,304.69,100.0,100,02
133712.0,57.0,304.69,100.0,100,02
133776.0,39.0,306.25,100.0,100,02
133776.0,39.0,306.25,100.0,100,02
133849.0,46.0,307.81,100.0,100,02
133849.0,46.0,307.81,100.0,100,02
133912.0,57.0,309.38,100.0,100,02
133912.0,57.0,309.38,100.0,100,02
133976.0,48.0,310.94,100.0,100,02
133976.0,48.0,310.94,100.0,100,02
134037.0,52.0,312.5,100.0,100,02
134037.0,52.0,312.5,100.0,100,02
134099.0,49.0,314.06,100.0,100,02
134099.0,49.0,314.06,100.0,100,02
134166.0,113.0,315.62,100.0,100,02
134166.0,113.0,315.62,100.0,100,02
134225.0,44.0,317.19,100.0,100,02
134225.0,44.0,317.19,100.0,100,02
134288.0,57.0,318.75,100.0,100,02
134288.0,57.0,318.75,100.0,100,02
134353.0,37.0,320.31,100.0,100,02
134353.0,37.0,320.31,100.0,100,02
134449.0,54.0,321.88,100.0,100,02
134449.0,54.0,321.88,100.0,100,02
134526.0,63.0,323.44,100.0,100,02
134526.0,63.0,323.44,100.0,100,02
134597.0,60.0,325.0,100.0,100,02
134597.0,60.0,325.0,100.0,100,02
134664.0,39.0,326.56,100.0,100,02
134664.0,39.0,326.56,100.0,100,02
134718.0,65.0,328.12,100.0,100,02
134718.0,65.0,328.12,100.0,100,02
134777.0,56.0,329.69,100.0,100,02
134777.0,56.0,329.69,100.0,100,02
134839.0,55.0,331.25,100.0,100,02
134839.0,55.0,331.25,100.0,100,02
134899.0,52.0,332.81,100.0,100,02
134899.0,52.0,332.81,100.0,100,02
134976.0,37.0,334.38,100.0,100,02
134976.0,37.0,334.38,100.0,100,02
135033.0,55.0,335.94,100.0,100,02
135033.0,55.0,335.94,100.0,100,02
135089.0,64.0,337.5,100.0,100,02
135089.0,64.0,337.5,100.0,100,02
135156.0,39.0,339.06,100.0,100,02
135156.0,39.0,339.06,100.0,100,02
135220.0,44.0,340.62,100.0,100,02
135220.0,44.0,340.62,100.0,100,02
135280.0,42.0,342.19,100.0,100,02
135280.0,42.0,342.19,100.0,100,02
135342.0,39.0,343.75,100.0,100,02
135342.0,39.0,343.75,100.0,100,02
135399.0,41.0,345.31,100.0,100,02
135399.0,41.0,345.31,100.0,100,02
135477.0,55.0,346.88,100.0,100,02
135477.0,55.0,346.88,100.0,100,02
135542.0,45.0,348.44,100.0,100,02
135542.0,45.0,348.44,100.0,100,02
135602.0,36.0,350.0,100.0,100,02
135602.0,36.0,350.0,100.0,100,02
135674.0,63.0,351.56,100.0,100,02
135674.0,63.0,351.56,100.0,100,02
135740.0,41.0,353.12,100.0,100,02
135740.0,41.0,353.12,100.0,100,02
135793.0,67.0,354.69,100.0,100,02
135793.0,67.0,354.69,100.0,100,02
135853.0,41.0,356.25,100.0,100,02
135853.0,41.0,356.25,100.0,100,02
135910.0,62.0,357.81,100.0,100,02
135910.0,62.0,357.81,100.0,100,02
135973.0,50.0,359.38,100.0,100,02
135973.0,50.0,359.38,100.0,100,02
136045.0,57.0,360.94,100.0,100,02
136045.0,57.0,360.94,100.0,100,02
136131.0,52.0,362.5,100.0,100,02
136131.0,52.0,362.5,100.0,100,02
136203.0,39.0,364.06,100.0,100,02
136203.0,39.0,364.06,100.0,100,02
136277.0,33.0,365.62,100.0,100,02
136277.0,33.0,365.62,100.0,100,02
136342.0,49.0,367.19,100.0,100,02
136342.0,49.0,367.19,100.0,100,02
136401.0,58.0,368.75,100.0,100,02
136401.0,58.0,368.75,100.0,100,02
136484.0,46.0,370.31,100.0,100,02
136484.0,46.0,370.31,100.0,100,02
136543.0,39.0,371.88,100.0,100,02
136543.0,39.0,371.88,100.0,100,02
136595.0,51.0,373.44,100.0,100,02
136595.0,51.0,373.44,100.0,100,02
136651.0,32.0,375.0,100.0,100,02
136651.0,32.0,375.0,100.0,100,02
136712.0,45.0,376.56,100.0,100,02
136712.0,45.0,376.56,100.0,100,02
136765.0,51.0,378.12,100.0,100,02
136765.0,51.0,378.12,100.0,100,02
136821.0,39.0,379.69,100.0,100,02
136821.0,39.0,379.69,100.0,100,02
136905.0,55.0,381.25,100.0,100,02
136905.0,55.0,381.25,100.0,100,02
136967.0,40.0,382.81,100.0,100,02
136967.0,40.0,382.81,100.0,100,02
137048.0,68.0,384.38,100.0,100,02
137048.0,68.0,384.38,100.0,100,02
137111.0,72.0,385.94,100.0,100,02
137111.0,72.0,385.94,100.0,100,02
137193.0,59.0,387.5,100.0,100,02
137193.0,59.0,387.5,100.0,100,02
137253.0,52.0,389.06,100.0,100,02
137253.0,52.0,389.06,100.0,100,02
137326.0,41.0,390.62,100.0,100,02
137326.0,41.0,390.62,100.0,100,02
137389.0,69.0,392.19,100.0,100,02
137389.0,69.0,392.19,100.0,100,02
137446.0,47.0,393.75,100.0,100,02
137446.0,47.0,393.75,100.0,100,02
137517.0,41.0,395.31,100.0,100,02
137517.0,41.0,395.31,100.0,100,02
137600.0,62.0,396.88,100.0,100,02
137600.0,62.0,396.88,100.0,100,02
137677.0,104.0,398.44,100.0,100,02
137677.0,104.0,398.44,100.0,100,02
137754.0,45.0,400.0,100.0,100,02
137754.0,45.0,400.0,100.0,100,02
137824.0,88.0,401.56,100.0,100,02
137824.0,88.0,401.56,100.0,100,02
137901.0,41.0,403.12,100.0,100,02
137901.0,41.0,403.12,100.0,100,02
137963.0,65.0,404.69,100.0,100,02
137963.0,65.0,404.69,100.0,100,02
138031.0,42.0,406.25,100.0,100,02
138031.0,42.0,406.25,100.0,100,02
138099.0,50.0,407.81,100.0,100,02
138099.0,50.0,407.81,100.0,100,02
138160.0,44.0,409.38,100.0,100,02
138160.0,44.0,409.38,100.0,100,02
138319.0,70.0,410.94,100.0,100,02
138319.0,70.0,410.94,100.0,100,02
138380.0,33.0,412.5,100.0,100,02
138380.0,33.0,412.5,100.0,100,02
138438.0,53.0,414.06,100.0,100,02
138438.0,53.0,414.06,100.0,100,02
138513.0,41.0,415.62,100.0,100,02
138513.0,41.0,415.62,100.0,100,02
138575.0,78.0,417.19,100.0,100,02
138575.0,78.0,417.19,100.0,100,02
138649.0,48.0,418.75,100.0,100,02
138649.0,48.0,418.75,100.0,100,02
138704.0,59.0,420.31,100.0,100,02
138704.0,59.0,420.31,100.0,100,02
138763.0,54.0,421.88,100.0,100,02
138763.0,54.0,421.88,100.0,100,02
138825.0,38.0,423.44,100.0,100,02
138825.0,38.0,423.44,100.0,100,02
138890.0,69.0,425.0,100.0,100,02
138890.0,69.0,425.0,100.0,100,02
139072.0,48.0,426.56,6.25,100,02
139072.0,48.0,426.56,6.25,100,02
139193.0,105.0,428.12,100.0,100,02
139193.0,105.0,428.12,100.0,100,02
139481.0,48.0,429.69,100.0,100,02
139481.0,48.0,429.69,100.0,100,02
139598.0,14.0,431.25,100.0,100,02
139598.0,14.0,431.25,100.0,100,02
139681.0,47.0,432.81,100.0,100,02
139681.0,47.0,432.81,100.0,100,02
139768.0,43.0,434.38,100.0,100,02
139768.0,43.0,434.38,100.0,100,02
139859.0,65.0,435.94,100.0,100,02
139859.0,65.0,435.94,100.0,100,02
139935.0,54.0,437.5,100.0,100,02
139935.0,54.0,437.5,100.0,100,02
140009.0,38.0,439.06,100.0,100,02
140009.0,38.0,439.06,100.0,100,02
140078.0,91.0,440.62,100.0,100,02
140078.0,91.0,440.62,100.0,100,02
140153.0,39.0,442.19,100.0,100,02
140153.0,39.0,442.19,100.0,100,02
140239.0,41.0,443.75,100.0,100,02
140239.0,41.0,443.75,100.0,100,02
140330.0,55.0,445.31,100.0,100,02
140330.0,55.0,445.31,100.0,100,02
140398.0,70.0,446.88,100.0,100,02
140398.0,70.0,446.88,100.0,100,02
140479.0,42.0,448.44,100.0,100,02
140479.0,42.0,448.44,100.0,100,02
140587.0,43.0,450.0,100.0,100,02
140587.0,43.0,450.0,100.0,100,02
140679.0,54.0,451.56,100.0,100,02
140679.0,54.0,451.56,100.0,100,02
140779.0,51.0,453.12,100.0,100,02
140779.0,51.0,453.12,100.0,100,02
140854.0,55.0,454.69,100.0,100,02
140854.0,55.0,454.69,100.0,100,02
140940.0,26.0,456.25,100.0,100,02
140940.0,26.0,456.25,100.0,100,02
141021.0,51.0,457.81,100.0,100,02
141021.0,51.0,457.81,100.0,100,02
141092.0,129.0,459.38,100.0,100,02
141092.0,129.0,459.38,100.0,100,02
141229.0,54.0,460.94,100.0,100,02
141229.0,54.0,460.94,100.0,100,02
141360.0,49.0,462.5,100.0,100,02
141360.0,49.0,462.5,100.0,100,02
141492.0,59.0,464.06,100.0,100,02
141492.0,59.0,464.06,100.0,100,02
141638.0,115.0,465.62,100.0,100,02
141638.0,115.0,465.62,100.0,100,02
143569.0,53.0,467.19,100.0,100,02
143569.0,53.0,467.19,100.0,100,02
143644.0,116.0,468.75,100.0,100,02
143644.0,116.0,468.75,100.0,100,02
143716.0,47.0,470.31,100.0,100,02
143716.0,47.0,470.31,100.0,100,02
143878.0,51.0,471.88,100.0,100,02
143878.0,51.0,471.88,100.0,100,02
144916.0,63.0,473.44,50.0,100,02
144916.0,63.0,473.44,50.0,100,02
145092.0,95.0,475.0,100.0,100,02
145092.0,95.0,475.0,100.0,100,02
145315.0,64.0,476.56,100.0,100,02
145315.0,64.0,476.56,100.0,100,02
145575.0,48.0,478.12,100.0,100,02
145575.0,48.0,478.12,100.0,100,02
145879.0,45.0,479.69,100.0,100,02
145879.0,45.0,479.69,100.0,100,02
146258.0,45.0,481.25,100.0,100,02
146258.0,45.0,481.25,100.0,100,02
146708.0,37.0,482.81,100.0,100,02
146708.0,37.0,482.81,100.0,100,02
146843.0,38.0,484.38,100.0,100,02
146843.0,38.0,484.38,100.0,100,02
146948.0,43.0,485.94,100.0,100,02
146948.0,43.0,485.94,100.0,100,02
147040.0,41.0,487.5,100.0,100,02
147040.0,41.0,487.5,100.0,100,02
147141.0,38.0,489.06,100.0,100,02
147141.0,38.0,489.06,100.0,100,02
147404.0,44.0,490.62,100.0,100,02
147404.0,44.0,490.62,100.0,100,02
147841.0,50.0,492.19,100.0,100,02
147841.0,50.0,492.19,100.0,100,02
148356.0,50.0,493.75,100.0,100,02
148356.0,50.0,493.75,100.0,100,02
149909.0,35.0,495.31,100.0,100,02
149909.0,35.0,495.31,100.0,100,02
150050.0,96.0,496.88,100.0,100,02
150050.0,96.0,496.88,100.0,100,02
150221.0,37.0,498.44,100.0,100,02
150221.0,37.0,498.44,100.0,100,02
150356.0,90.0,500.0,100.0,100,02
150356.0,90.0,500.0,100.0,100,02
150591.0,38.0,501.56,100.0,100,02
150591.0,38.0,501.56,100.0,100,02
150790.0,43.0,503.12,100.0,100,02
150790.0,43.0,503.12,100.0,100,02
150978.0,39.0,504.69,100.0,100,02
150978.0,39.0,504.69,100.0,100,02
152213.0,34.0,506.25,100.0,100,02
152213.0,34.0,506.25,100.0,100,02
152335.0,7.0,507.81,100.0,100,02
152335.0,7.0,507.81,100.0,100,02
152425.0,39.0,509.38,100.0,100,02
152425.0,39.0,509.38,100.0,100,02
152846.0,39.0,510.94,100.0,100,02
152846.0,39.0,510.94,100.0,100,02
153200.0,32.0,512.5,100.0,100,02
153200.0,32.0,512.5,100.0,100,02
153277.0,37.0,514.06,100.0,100,02
153277.0,37.0,514.06,100.0,100,02
153358.0,73.0,515.62,100.0,100,02
153358.0,73.0,515.62,100.0,100,02
153427.0,112.0,517.19,100.0,100,02
153427.0,112.0,517.19,100.0,100,02
153478.0,46.0,518.75,100.0,100,02
153478.0,46.0,518.75,100.0,100,02
153564.0,27.0,520.31,100.0,100,02
153564.0,27.0,520.31,100.0,100,02
153637.0,43.0,521.88,100.0,100,02
153637.0,43.0,521.88,100.0,100,02
153690.0,23.0,523.44,100.0,100,02
153690.0,23.0,523.44,100.0,100,02
153855.0,38.0,525.0,100.0,100,02
153855.0,38.0,525.0,100.0,100,02
153992.0,38.0,526.56,100.0,100,02
153992.0,38.0,526.56,100.0,100,02
154133.0,46.0,528.12,100.0,100,02
154133.0,46.0,528.12,100.0,100,02
154219.0,35.0,529.69,100.0,100,02
154219.0,35.0,529.69,100.0,100,02
154277.0,46.0,531.25,100.0,100,02
154277.0,46.0,531.25,100.0,100,02
154557.0,56.0,532.81,100.0,100,02
154557.0,56.0,532.81,100.0,100,02
154683.0,10.0,534.38,100.0,100,02
154683.0,10.0,534.38,100.0,100,02
154768.0,42.0,535.94,100.0,100,02
154768.0,42.0,535.94,100.0,100,02
155141.0,61.0,537.5,100.0,100,02
155141.0,61.0,537.5,100.0,100,02
155789.0,12.0,539.06,100.0,100,02
155789.0,12.0,539.06,100.0,100,02
155940.0,22.0,540.62,100.0,100,02
155940.0,22.0,540.62,100.0,100,02
156053.0,47.0,542.19,100.0,100,02
156053.0,47.0,542.19,100.0,100,02
156192.0,56.0,543.75,100.0,100,02
156192.0,56.0,543.75,100.0,100,02
156336.0,36.0,545.31,100.0,100,02
156336.0,36.0,545.31,100.0,100,02
156446.0,51.0,546.88,100.0,100,02
156446.0,51.0,546.88,100.0,100,02
156548.0,29.0,548.44,100.0,100,02
156548.0,29.0,548.44,100.0,100,02
156665.0,50.0,550.0,100.0,100,02
156665.0,50.0,550.0,100.0,100,02
156746.0,38.0,551.56,100.0,100,02
156746.0,38.0,551.56,100.0,100,02
156799.0,55.0,553.12,100.0,100,02
156799.0,55.0,553.12,100.0,100,02
156857.0,53.0,554.69,100.0,100,02
156857.0,53.0,554.69,100.0,100,02
156926.0,99.0,556.25,100.0,100,02
156926.0,99.0,556.25,100.0,100,02
157002.0,47.0,557.81,100.0,100,02
157002.0,47.0,557.81,100.0,100,02
157065.0,38.0,559.38,100.0,100,02
157065.0,38.0,559.38,100.0,100,02
157235.0,40.0,560.94,100.0,100,02
157235.0,40.0,560.94,100.0,100,02
157310.0,9.0,562.5,100.0,100,02
157310.0,9.0,562.5,100.0,100,02
157518.0,39.0,564.06,100.0,100,02
157518.0,39.0,564.06,100.0,100,02
157557.0,35.0,565.62,100.0,100,02
157557.0,35.0,565.62,100.0,100,02
157598.0,35.0,567.19,100.0,100,02
157598.0,35.0,567.19,100.0,100,02
157637.0,59.0,568.75,100.0,100,02
157637.0,59.0,568.75,100.0,100,02
157676.0,44.0,570.31,100.0,100,02
157676.0,44.0,570.31,100.0,100,02
157729.0,55.0,571.88,100.0,100,02
157729.0,55.0,571.88,100.0,100,02
157770.0,44.0,573.44,100.0,100,02
157770.0,44.0,573.44,100.0,100,02
157812.0,35.0,575.0,100.0,100,02
157812.0,35.0,575.0,100.0,100,02
157852.0,44.0,576.56,50.0,100,02
157852.0,44.0,576.56,50.0,100,02
157893.0,94.0,578.12,100.0,100,02
157893.0,94.0,578.12,100.0,100,02
157938.0,37.0,579.69,100.0,100,02
157938.0,37.0,579.69,100.0,100,02
157983.0,106.0,581.25,100.0,100,02
157983.0,106.0,581.25,100.0,100,02
158025.0,65.0,582.81,100.0,100,02
158025.0,65.0,582.81,100.0,100,02
158083.0,34.0,584.38,100.0,100,02
158083.0,34.0,584.38,100.0,100,02
158137.0,28.0,585.94,100.0,100,02
158137.0,28.0,585.94,100.0,100,02
158187.0,43.0,587.5,100.0,100,02
158187.0,43.0,587.5,100.0,100,02
158230.0,35.0,589.06,100.0,100,02
158230.0,35.0,589.06,100.0,100,02
158270.0,38.0,590.62,100.0,100,02
158270.0,38.0,590.62,100.0,100,02
158311.0,63.0,592.19,100.0,100,02
158311.0,63.0,592.19,100.0,100,02
158354.0,42.0,593.75,100.0,100,02
158354.0,42.0,593.75,100.0,100,02
158401.0,41.0,595.31,100.0,100,02
158401.0,41.0,595.31,100.0,100,02
158443.0,60.0,596.88,100.0,100,02
158443.0,60.0,596.88,100.0,100,02
158486.0,38.0,598.44,100.0,100,02
158486.0,38.0,598.44,100.0,100,02
158534.0,43.0,600.0,100.0,100,02
158534.0,43.0,600.0,100.0,100,02
158582.0,51.0,601.56,100.0,100,02
158582.0,51.0,601.56,100.0,100,02
158624.0,46.0,603.12,100.0,100,02
158624.0,46.0,603.12,100.0,100,02
158664.0,46.0,604.69,100.0,100,02
158664.0,46.0,604.69,100.0,100,02
158706.0,41.0,606.25,100.0,100,02
158706.0,41.0,606.25,100.0,100,02
158752.0,50.0,607.81,100.0,100,02
158752.0,50.0,607.81,100.0,100,02
158811.0,48.0,609.38,100.0,100,02
158811.0,48.0,609.38,100.0,100,02
158855.0,34.0,610.94,100.0,100,02
158855.0,34.0,610.94,100.0,100,02
158919.0,46.0,612.5,100.0,100,02
158919.0,46.0,612.5,100.0,100,02
158985.0,61.0,614.06,100.0,100,02
158985.0,61.0,614.06,100.0,100,02
159166.0,60.0,615.62,100.0,100,02
159166.0,60.0,615.62,100.0,100,02
159249.0,10.0,617.19,100.0,100,02
159249.0,10.0,617.19,100.0,100,02
159307.0,30.0,618.75,100.0,100,02
159307.0,30.0,618.75,100.0,100,02
159356.0,52.0,620.31,100.0,100,02
159356.0,52.0,620.31,100.0,100,02
159408.0,43.0,621.88,100.0,100,02
159408.0,43.0,621.88,100.0,100,02
159463.0,45.0,623.44,100.0,100,02
159463.0,45.0,623.44,100.0,100,02
159512.0,40.0,625.0,100.0,100,02
159512.0,40.0,625.0,100.0,100,02
159561.0,39.0,626.56,100.0,100,02
159561.0,39.0,626.56,100.0,100,02
159614.0,46.0,628.12,100.0,100,02
159614.0,46.0,628.12,100.0,100,02
159658.0,28.0,629.69,100.0,100,02
159658.0,28.0,629.69,100.0,100,02
159725.0,40.0,631.25,100.0,100,02
159725.0,40.0,631.25,100.0,100,02
159788.0,76.0,632.81,100.0,100,02
159788.0,76.0,632.81,100.0,100,02
159858.0,41.0,634.38,100.0,100,02
159858.0,41.0,634.38,100.0,100,02
159929.0,74.0,635.94,100.0,100,02
159929.0,74.0,635.94,100.0,100,02
160208.0,52.0,637.5,100.0,100,02
160208.0,52.0,637.5,100.0,100,02
160257.0,32.0,639.06,100.0,100,02
160257.0,32.0,639.06,100.0,100,02
160488.0,46.0,640.62,100.0,100,02
160488.0,46.0,640.62,100.0,100,02
160565.0,38.0,642.19,100.0,100,02
160565.0,38.0,642.19,100.0,100,02
160673.0,27.0,643.75,100.0,100,02
160673.0,27.0,643.75,100.0,100,02
160754.0,40.0,645.31,100.0,100,02
160754.0,40.0,645.31,100.0,100,02
160849.0,54.0,646.88,100.0,100,02
160849.0,54.0,646.88,100.0,100,02
160967.0,40.0,648.44,100.0,100,02
160967.0,40.0,648.44,100.0,100,02
161045.0,30.0,650.0,100.0,100,02
161045.0,30.0,650.0,100.0,100,02
161112.0,36.0,651.56,100.0,100,02
161112.0,36.0,651.56,100.0,100,02
161219.0,33.0,653.12,100.0,100,02
161219.0,33.0,653.12,100.0,100,02
161381.0,38.0,654.69,100.0,100,02
161381.0,38.0,654.69,100.0,100,02
161455.0,39.0,656.25,100.0,100,02
161455.0,39.0,656.25,100.0,100,02
161544.0,30.0,657.81,100.0,100,02
161544.0,30.0,657.81,100.0,100,02
161626.0,24.0,659.38,100.0,100,02
161626.0,24.0,659.38,100.0,100,02
161760.0,61.0,660.94,100.0,100,02
161760.0,61.0,660.94,100.0,100,02
161846.0,36.0,662.5,100.0,100,02
161846.0,36.0,662.5,100.0,100,02
161927.0,63.0,664.06,100.0,100,02
161927.0,63.0,664.06,100.0,100,02
162024.0,32.0,665.62,100.0,100,02
162024.0,32.0,665.62,100.0,100,02
162082.0,52.0,667.19,100.0,100,02
162082.0,52.0,667.19,100.0,100,02
162146.0,98.0,668.75,100.0,100,02
162146.0,98.0,668.75,100.0,100,02
162233.0,44.0,670.31,100.0,100,02
162233.0,44.0,670.31,100.0,100,02
162326.0,50.0,671.88,100.0,100,02
162326.0,50.0,671.88,100.0,100,02
162400.0,83.0,673.44,100.0,100,02
162400.0,83.0,673.44,100.0,100,02
162531.0,32.0,675.0,100.0,100,02
162531.0,32.0,675.0,100.0,100,02
162598.0,46.0,676.56,100.0,100,02
162598.0,46.0,676.56,100.0,100,02
162657.0,102.0,678.12,100.0,100,02
162657.0,102.0,678.12,100.0,100,02
162783.0,59.0,679.69,100.0,100,02
162783.0,59.0,679.69,100.0,100,02
162886.0,64.0,681.25,100.0,100,02
162886.0,64.0,681.25,100.0,100,02
163048.0,44.0,682.81,100.0,100,02
163048.0,44.0,682.81,100.0,100,02
163206.0,56.0,684.38,100.0,100,02
163206.0,56.0,684.38,100.0,100,02
163329.0,35.0,685.94,100.0,100,02
163329.0,35.0,685.94,100.0,100,02
163447.0,51.0,687.5,100.0,100,02
163447.0,51.0,687.5,100.0,100,02
163570.0,54.0,689.06,100.0,100,02
163570.0,54.0,689.06,100.0,100,02
163696.0,60.0,690.62,100.0,100,02
163696.0,60.0,690.62,100.0,100,02
163749.0,45.0,692.19,100.0,100,02
163749.0,45.0,692.19,100.0,100,02
163910.0,59.0,693.75,100.0,100,02
163910.0,59.0,693.75,100.0,100,02
163968.0,32.0,695.31,100.0,100,02
163968.0,32.0,695.31,100.0,100,02
164050.0,52.0,696.88,100.0,100,02
164050.0,52.0,696.88,100.0,100,02
164122.0,43.0,698.44,100.0,100,02
164122.0,43.0,698.44,100.0,100,02
164396.0,28.0,700.0,100.0,100,02
164396.0,28.0,700.0,100.0,100,02
164442.0,109.0,701.56,100.0,100,02
164442.0,109.0,701.56,100.0,100,02
164505.0,46.0,703.12,100.0,100,02
164505.0,46.0,703.12,100.0,100,02
164549.0,79.0,704.69,100.0,100,02
164549.0,79.0,704.69,100.0,100,02
164588.0,53.0,706.25,100.0,100,02
164588.0,53.0,706.25,100.0,100,02
164639.0,50.0,707.81,100.0,100,02
164639.0,50.0,707.81,100.0,100,02
164685.0,36.0,709.38,100.0,100,02
164685.0,36.0,709.38,100.0,100,02
164741.0,42.0,710.94,100.0,100,02
164741.0,42.0,710.94,100.0,100,02
164786.0,25.0,712.5,100.0,100,02
164786.0,25.0,712.5,100.0,100,02
164826.0,30.0,714.06,100.0,100,02
164826.0,30.0,714.06,100.0,100,02
164887.0,31.0,715.62,100.0,100,02
164887.0,31.0,715.62,100.0,100,02
164957.0,23.0,717.19,100.0,100,02
164957.0,23.0,717.19,100.0,100,02
165006.0,52.0,718.75,100.0,100,02
165006.0,52.0,718.75,100.0,100,02
165053.0,30.0,720.31,100.0,100,02
165053.0,30.0,720.31,100.0,100,02
165104.0,74.0,721.88,100.0,100,02
165104.0,74.0,721.88,100.0,100,02
165156.0,48.0,723.44,100.0,100,02
165156.0,48.0,723.44,100.0,100,02
165225.0,34.0,725.0,100.0,100,02
165225.0,34.0,725.0,100.0,100,02
165271.0,24.0,726.56,100.0,100,02
165271.0,24.0,726.56,100.0,100,02
165334.0,63.0,728.12,100.0,100,02
165334.0,63.0,728.12,100.0,100,02
165392.0,24.0,729.69,100.0,100,02
165392.0,24.0,729.69,100.0,100,02
165439.0,47.0,731.25,100.0,100,02
165439.0,47.0,731.25,100.0,100,02
165484.0,32.0,732.81,100.0,100,02
165484.0,32.0,732.81,100.0,100,02
165538.0,60.0,734.38,100.0,100,02
165538.0,60.0,734.38,100.0,100,02
165583.0,41.0,735.94,100.0,100,02
165583.0,41.0,735.94,100.0,100,02
165664.0,123.0,737.5,100.0,100,02
165664.0,123.0,737.5,100.0,100,02
165868.0,18.0,739.06,100.0,100,02
165868.0,18.0,739.06,100.0,100,02
165948.0,7.0,740.62,100.0,100,02
165948.0,7.0,740.62,100.0,100,02
166001.0,30.0,742.19,100.0,100,02
166001.0,30.0,742.19,100.0,100,02
166095.0,32.0,743.75,100.0,100,02
166095.0,32.0,743.75,100.0,100,02
166181.0,48.0,745.31,100.0,100,02
166181.0,48.0,745.31,100.0,100,02
166306.0,41.0,746.88,100.0,100,02
166306.0,41.0,746.88,100.0,100,02
166359.0,34.0,748.44,100.0,100,02
166359.0,34.0,748.44,100.0,100,02
166420.0,29.0,750.0,100.0,100,02
166420.0,29.0,750.0,100.0,100,02
166470.0,34.0,751.56,100.0,100,02
166470.0,34.0,751.56,100.0,100,02
166557.0,44.0,753.12,100.0,100,02
166557.0,44.0,753.12,100.0,100,02
166851.0,39.0,754.69,100.0,100,02
166851.0,39.0,754.69,100.0,100,02
166942.0,26.0,756.25,100.0,100,02
166942.0,26.0,756.25,100.0,100,02
167157.0,39.0,757.81,100.0,100,02
167157.0,39.0,757.81,100.0,100,02
167226.0,30.0,759.38,100.0,100,02
167226.0,30.0,759.38,100.0,100,02
167311.0,73.0,760.94,100.0,100,02
167311.0,73.0,760.94,100.0,100,02
167391.0,44.0,762.5,100.0,100,02
167391.0,44.0,762.5,100.0,100,02
167514.0,58.0,764.06,100.0,100,02
167514.0,58.0,764.06,100.0,100,02
167600.0,67.0,765.62,100.0,100,02
167600.0,67.0,765.62,100.0,100,02
167686.0,49.0,767.19,100.0,100,02
167686.0,49.0,767.19,100.0,100,02
167849.0,30.0,768.75,100.0,100,02
167849.0,30.0,768.75,100.0,100,02
167925.0,39.0,770.31,100.0,100,02
167925.0,39.0,770.31,100.0,100,02
167996.0,39.0,771.88,100.0,100,02
167996.0,39.0,771.88,100.0,100,02
168082.0,41.0,773.44,100.0,100,02
168082.0,41.0,773.44,100.0,100,02
168198.0,38.0,775.0,100.0,100,02
168198.0,38.0,775.0,100.0,100,02
168282.0,35.0,776.56,100.0,100,02
168282.0,35.0,776.56,100.0,100,02
168363.0,27.0,778.12,50.0,100,02
168363.0,27.0,778.12,50.0,100,02
168414.0,98.0,779.69,100.0,100,02
168414.0,98.0,779.69,100.0,100,02
168461.0,44.0,781.25,100.0,100,02
168461.0,44.0,781.25,100.0,100,02
168502.0,40.0,782.81,100.0,100,02
168502.0,40.0,782.81,100.0,100,02
168560.0,41.0,784.38,100.0,100,02
168560.0,41.0,784.38,100.0,100,02
168673.0,37.0,785.94,100.0,100,02
168673.0,37.0,785.94,100.0,100,02
168719.0,22.0,787.5,100.0,100,02
168719.0,22.0,787.5,100.0,100,02
168798.0,40.0,789.06,100.0,100,02
168798.0,40.0,789.06,100.0,100,02
168909.0,37.0,790.62,100.0,100,02
168909.0,37.0,790.62,100.0,100,02
169067.0,31.0,792.19,6.25,100,02
169067.0,31.0,792.19,6.25,100,02
169180.0,105.0,793.75,100.0,100,02
169180.0,105.0,793.75,100.0,100,02
169313.0,40.0,795.31,100.0,100,02
169313.0,40.0,795.31,100.0,100,02
169454.0,30.0,796.88,100.0,100,02
169454.0,30.0,796.88,100.0,100,02
169615.0,26.0,798.44,100.0,100,02
169615.0,26.0,798.44,100.0,100,02
169661.0,36.0,800.0,100.0,100,02
169661.0,36.0,800.0,100.0,100,02
169714.0,46.0,801.56,100.0,100,02
169714.0,46.0,801.56,100.0,100,02
169771.0,53.0,803.12,100.0,100,02
169771.0,53.0,803.12,100.0,100,02
169838.0,39.0,804.69,100.0,100,02
169838.0,39.0,804.69,100.0,100,02
170085.0,36.0,806.25,100.0,100,02
170085.0,36.0,806.25,100.0,100,02
170131.0,62.0,807.81,100.0,100,02
170131.0,62.0,807.81,100.0,100,02
170183.0,45.0,809.38,100.0,100,02
170183.0,45.0,809.38,100.0,100,02
170246.0,36.0,810.94,100.0,100,02
170246.0,36.0,810.94,100.0,100,02
170301.0,29.0,812.5,100.0,100,02
170301.0,29.0,812.5,100.0,100,02
170355.0,41.0,814.06,100.0,100,02
170355.0,41.0,814.06,100.0,100,02
170451.0,26.0,815.62,100.0,100,02
170451.0,26.0,815.62,100.0,100,02
170520.0,31.0,817.19,100.0,100,02
170520.0,31.0,817.19,100.0,100,02
170574.0,34.0,818.75,100.0,100,02
170574.0,34.0,818.75,100.0,100,02
170647.0,40.0,820.31,100.0,100,02
170647.0,40.0,820.31,100.0,100,02
170706.0,37.0,821.88,100.0,100,02
170706.0,37.0,821.88,100.0,100,02
170764.0,33.0,823.44,100.0,100,02
170764.0,33.0,823.44,100.0,100,02
170826.0,62.0,825.0,100.0,100,02
170826.0,62.0,825.0,100.0,100,02
170905.0,37.0,826.56,100.0,100,02
170905.0,37.0,826.56,100.0,100,02
170981.0,69.0,828.12,100.0,100,02
170981.0,69.0,828.12,100.0,100,02
171041.0,63.0,829.69,100.0,100,02
171041.0,63.0,829.69,100.0,100,02
171088.0,40.0,831.25,100.0,100,02
171088.0,40.0,831.25,100.0,100,02
171135.0,51.0,832.81,100.0,100,02
171135.0,51.0,832.81,100.0,100,02
171200.0,48.0,834.38,100.0,100,02
171200.0,48.0,834.38,100.0,100,02
171244.0,49.0,835.94,100.0,100,02
171244.0,49.0,835.94,100.0,100,02
171317.0,43.0,837.5,100.0,100,02
171317.0,43.0,837.5,100.0,100,02
171499.0,53.0,839.06,100.0,100,02
171499.0,53.0,839.06,100.0,100,02
171564.0,11.0,840.62,100.0,100,02
171564.0,11.0,840.62,100.0,100,02
171618.0,44.0,842.19,100.0,100,02
171618.0,44.0,842.19,100.0,100,02
171672.0,46.0,843.75,100.0,100,02
171672.0,46.0,843.75,100.0,100,02
171738.0,57.0,845.31,100.0,100,02
171738.0,57.0,845.31,100.0,100,02
171786.0,30.0,846.88,100.0,100,02
171786.0,30.0,846.88,100.0,100,02
171839.0,42.0,848.44,100.0,100,02
171839.0,42.0,848.44,100.0,100,02
171898.0,55.0,850.0,100.0,100,02
171898.0,55.0,850.0,100.0,100,02
172094.0,32.0,851.56,100.0,100,02
172094.0,32.0,851.56,100.0,100,02
172175.0,38.0,853.12,100.0,100,02
172175.0,38.0,853.12,100.0,100,02
172358.0,42.0,854.69,100.0,100,02
172358.0,42.0,854.69,100.0,100,02
172456.0,65.0,856.25,100.0,100,02
172456.0,65.0,856.25,100.0,100,02
172574.0,48.0,857.81,100.0,100,02
172574.0,48.0,857.81,100.0,100,02
172690.0,30.0,859.38,100.0,100,02
172690.0,30.0,859.38,100.0,100,02
172798.0,27.0,860.94,100.0,100,02
172798.0,27.0,860.94,100.0,100,02
172903.0,38.0,862.5,100.0,100,02
172903.0,38.0,862.5,100.0,100,02
173085.0,71.0,864.06,100.0,100,02
173085.0,71.0,864.06,100.0,100,02
173168.0,35.0,865.62,100.0,100,02
173168.0,35.0,865.62,100.0,100,02
173258.0,45.0,867.19,100.0,100,02
173258.0,45.0,867.19,100.0,100,02
173398.0,36.0,868.75,100.0,100,02
173398.0,36.0,868.75,100.0,100,02
173505.0,44.0,870.31,100.0,100,02
173505.0,44.0,870.31,100.0,100,02
173601.0,41.0,871.88,100.0,100,02
173601.0,41.0,871.88,100.0,100,02
173662.0,26.0,873.44,100.0,100,02
173662.0,26.0,873.44,100.0,100,02
173742.0,78.0,875.0,100.0,100,02
173742.0,78.0,875.0,100.0,100,02
173788.0,33.0,876.56,100.0,100,02
173788.0,33.0,876.56,100.0,100,02
173921.0,34.0,878.12,100.0,100,02
173921.0,34.0,878.12,100.0,100,02
174016.0,33.0,879.69,100.0,100,02
174016.0,33.0,879.69,100.0,100,02
174112.0,49.0,881.25,100.0,100,02
174112.0,49.0,881.25,100.0,100,02
174272.0,35.0,882.81,100.0,100,02
174272.0,35.0,882.81,100.0,100,02
174470.0,35.0,884.38,100.0,100,02
174470.0,35.0,884.38,100.0,100,02
174629.0,51.0,885.94,100.0,100,02
174629.0,51.0,885.94,100.0,100,02
174792.0,108.0,887.5,100.0,100,02
174792.0,108.0,887.5,100.0,100,02
174927.0,73.0,889.06,100.0,100,02
174927.0,73.0,889.06,100.0,100,02
174992.0,28.0,890.62,100.0,100,02
174992.0,28.0,890.62,100.0,100,02
175038.0,33.0,892.19,100.0,100,02
175038.0,33.0,892.19,100.0,100,02
175104.0,53.0,893.75,100.0,100,02
175104.0,53.0,893.75,100.0,100,02
175557.0,38.0,895.31,100.0,100,02
175557.0,38.0,895.31,100.0,100,02
175757.0,11.0,896.88,100.0,100,02
175757.0,11.0,896.88,100.0,100,02
175804.0,13.0,898.44,100.0,100,02
175804.0,13.0,898.44,100.0,100,02
175870.0,56.0,900.0,100.0,100,02
175870.0,56.0,900.0,100.0,100,02
177305.0,36.0,901.56,100.0,100,02
177305.0,36.0,901.56,100.0,100,02
177769.0,10.0,903.12,100.0,100,02
177769.0,10.0,903.12,100.0,100,02
178348.0,23.0,904.69,100.0,100,02
178348.0,23.0,904.69,100.0,100,02
178776.0,27.0,906.25,100.0,100,02
178776.0,27.0,906.25,100.0,100,02
178995.0,12.0,907.81,100.0,100,02
178995.0,12.0,907.81,100.0,100,02
179390.0,26.0,909.38,100.0,100,02
179390.0,26.0,909.38,100.0,100,02
179696.0,16.0,910.94,100.0,100,02
179696.0,16.0,910.94,100.0,100,02
180038.0,20.0,912.5,100.0,100,02
180038.0,20.0,912.5,100.0,100,02
180378.0,18.0,914.06,100.0,100,02
180378.0,18.0,914.06,100.0,100,02
180769.0,18.0,915.62,100.0,100,02
180769.0,18.0,915.62,100.0,100,02
181100.0,17.0,917.19,100.0,100,02
181100.0,17.0,917.19,100.0,100,02
181545.0,20.0,918.75,100.0,100,02
181545.0,20.0,918.75,100.0,100,02
181850.0,13.0,920.31,100.0,100,02
181850.0,13.0,920.31,100.0,100,02
182114.0,22.0,921.88,100.0,100,02
182114.0,22.0,921.88,100.0,100,02
182742.0,19.0,923.44,100.0,100,02
182742.0,19.0,923.44,100.0,100,02
182802.0,9.0,925.0,100.0,100,02
182802.0,9.0,925.0,100.0,100,02
183436.0,44.0,926.56,100.0,100,02
183436.0,44.0,926.56,100.0,100,02
183555.0,10.0,928.12,100.0,100,02
183555.0,10.0,928.12,100.0,100,02
183663.0,40.0,929.69,100.0,100,02
183663.0,40.0,929.69,100.0,100,02
183796.0,33.0,931.25,100.0,100,02
183796.0,33.0,931.25,100.0,100,02
183914.0,37.0,932.81,100.0,100,02
183914.0,37.0,932.81,100.0,100,02
184023.0,32.0,934.38,100.0,100,02
184023.0,32.0,934.38,100.0,100,02
184165.0,62.0,935.94,100.0,100,02
184165.0,62.0,935.94,100.0,100,02
184278.0,28.0,937.5,100.0,100,02
184278.0,28.0,937.5,100.0,100,02
184488.0,39.0,939.06,100.0,100,02
184488.0,39.0,939.06,100.0,100,02
184669.0,36.0,940.62,100.0,100,02
184669.0,36.0,940.62,100.0,100,02
184841.0,38.0,942.19,100.0,100,02
184841.0,38.0,942.19,100.0,100,02
185015.0,33.0,943.75,100.0,100,02
185015.0,33.0,943.75,100.0,100,02
185221.0,38.0,945.31,100.0,100,02
185221.0,38.0,945.31,100.0,100,02
185493.0,42.0,946.88,100.0,100,02
185493.0,42.0,946.88,100.0,100,02
185707.0,50.0,948.44,100.0,100,02
185707.0,50.0,948.44,100.0,100,02
185884.0,26.0,950.0,100.0,100,02
185884.0,26.0,950.0,100.0,100,02
186171.0,27.0,951.56,100.0,100,02
186171.0,27.0,951.56,100.0,100,02
186533.0,61.0,953.12,50.0,100,02
186533.0,61.0,953.12,50.0,100,02
186731.0,36.0,954.69,100.0,100,02
186731.0,36.0,954.69,100.0,100,02
186960.0,31.0,956.25,100.0,100,02
186960.0,31.0,956.25,100.0,100,02
187163.0,46.0,957.81,100.0,100,02
187163.0,46.0,957.81,100.0,100,02
187373.0,38.0,959.38,100.0,100,02
187373.0,38.0,959.38,100.0,100,02
187583.0,48.0,960.94,100.0,100,02
187583.0,48.0,960.94,100.0,100,02
187823.0,45.0,962.5,100.0,100,02
187823.0,45.0,962.5,100.0,100,02
187989.0,36.0,964.06,100.0,100,02
187989.0,36.0,964.06,100.0,100,02
188117.0,39.0,965.62,100.0,100,02
188117.0,39.0,965.62,100.0,100,02
188215.0,29.0,967.19,100.0,100,02
188215.0,29.0,967.19,100.0,100,02
188305.0,66.0,968.75,100.0,100,02
188305.0,66.0,968.75,100.0,100,02
188437.0,32.0,970.31,100.0,100,02
188437.0,32.0,970.31,100.0,100,02
188568.0,21.0,971.88,100.0,100,02
188568.0,21.0,971.88,100.0,100,02
188664.0,24.0,973.44,100.0,100,02
188664.0,24.0,973.44,100.0,100,02
188793.0,118.0,975.0,100.0,100,02
188793.0,118.0,975.0,100.0,100,02
188879.0,26.0,976.56,100.0,100,02
188879.0,26.0,976.56,100.0,100,02
188981.0,69.0,978.12,100.0,100,02
188981.0,69.0,978.12,100.0,100,02
189092.0,39.0,979.69,100.0,100,02
189092.0,39.0,979.69,100.0,100,02
189252.0,45.0,981.25,100.0,100,02
189252.0,45.0,981.25,100.0,100,02
189445.0,37.0,982.81,100.0,100,02
189445.0,37.0,982.81,100.0,100,02
189593.0,23.0,984.38,100.0,100,02
189593.0,23.0,984.38,100.0,100,02
189762.0,48.0,985.94,100.0,100,02
189762.0,48.0,985.94,100.0,100,02
189869.0,38.0,987.5,100.0,100,02
189869.0,38.0,987.5,100.0,100,02
189942.0,43.0,989.06,100.0,100,02
189942.0,43.0,989.06,100.0,100,02
190023.0,42.0,990.62,100.0,100,02
190023.0,42.0,990.62,100.0,100,02
190125.0,41.0,992.19,100.0,100,02
190125.0,41.0,992.19,100.0,100,02
190216.0,40.0,993.75,100.0,100,02
190216.0,40.0,993.75,100.0,100,02
190306.0,137.0,995.31,100.0,100,02
190306.0,137.0,995.31,100.0,100,02
190408.0,34.0,996.88,100.0,100,02
190408.0,34.0,996.88,100.0,100,02
190496.0,45.0,998.44,100.0,100,02
190496.0,45.0,998.44,100.0,100,02
190576.0,35.0,1000.0,100.0,100,02
190576.0,35.0,1000.0,100.0,100,02
190671.0,54.0,1001.56,100.0,100,02
190671.0,54.0,1001.56,100.0,100,02
190762.0,67.0,1003.12,100.0,100,02
190762.0,67.0,1003.12,100.0,100,02
190849.0,46.0,1004.69,100.0,100,02
190849.0,46.0,1004.69,100.0,100,02
190944.0,51.0,1006.25,100.0,100,02
190944.0,51.0,1006.25,100.0,100,02
191020.0,42.0,1007.81,100.0,100,02
191020.0,42.0,1007.81,100.0,100,02
191119.0,52.0,1009.38,100.0,100,02
191119.0,52.0,1009.38,100.0,100,02
191198.0,37.0,1010.94,100.0,100,02
191198.0,37.0,1010.94,100.0,100,02
191301.0,44.0,1012.5,100.0,100,02
191301.0,44.0,1012.5,100.0,100,02
191369.0,30.0,1014.06,100.0,100,02
191369.0,30.0,1014.06,100.0,100,02
191473.0,57.0,1015.62,100.0,100,02
191473.0,57.0,1015.62,100.0,100,02
191546.0,126.0,1017.19,100.0,100,02
191546.0,126.0,1017.19,100.0,100,02
191631.0,49.0,1018.75,100.0,100,02
191631.0,49.0,1018.75,100.0,100,02
191700.0,61.0,1020.31,100.0,100,02
191700.0,61.0,1020.31,100.0,100,02
191792.0,60.0,1021.88,100.0,100,02
191792.0,60.0,1021.88,100.0,100,02
191867.0,46.0,1023.44,100.0,100,02
191867.0,46.0,1023.44,100.0,100,02
192002.0,42.0,1025.0,100.0,100,02
192002.0,42.0,1025.0,100.0,100,02
192092.0,30.0,1026.56,100.0,100,02
192092.0,30.0,1026.56,100.0,100,02
192187.0,53.0,1028.12,100.0,100,02
192187.0,53.0,1028.12,100.0,100,02
192285.0,36.0,1029.69,100.0,100,02
192285.0,36.0,1029.69,100.0,100,02
192405.0,65.0,1031.25,100.0,100,02
192405.0,65.0,1031.25,100.0,100,02
192489.0,68.0,1032.81,100.0,100,02
192489.0,68.0,1032.81,100.0,100,02
192584.0,54.0,1034.38,100.0,100,02
192584.0,54.0,1034.38,100.0,100,02
192677.0,47.0,1035.94,100.0,100,02
192677.0,47.0,1035.94,100.0,100,02
192780.0,50.0,1037.5,100.0,100,02
192780.0,50.0,1037.5,100.0,100,02
192874.0,69.0,1039.06,100.0,100,02
192874.0,69.0,1039.06,100.0,100,02
193001.0,52.0,1040.62,100.0,100,02
193001.0,52.0,1040.62,100.0,100,02
193090.0,54.0,1042.19,100.0,100,02
193090.0,54.0,1042.19,100.0,100,02
193185.0,45.0,1043.75,100.0,100,02
193185.0,45.0,1043.75,100.0,100,02
193286.0,36.0,1045.31,100.0,100,02
193286.0,36.0,1045.31,100.0,100,02
193395.0,50.0,1046.88,100.0,100,02
193395.0,50.0,1046.88,100.0,100,02
193489.0,43.0,1048.44,100.0,100,02
193489.0,43.0,1048.44,100.0,100,02
193584.0,59.0,1050.0,100.0,100,02
193584.0,59.0,1050.0,100.0,100,02
193712.0,56.0,1051.56,100.0,100,02
193712.0,56.0,1051.56,100.0,100,02
193824.0,54.0,1053.12,100.0,100,02
193824.0,54.0,1053.12,100.0,100,02
193906.0,65.0,1054.69,100.0,100,02
193906.0,65.0,1054.69,100.0,100,02
193995.0,77.0,1056.25,100.0,100,02
193995.0,77.0,1056.25,100.0,100,02
194080.0,50.0,1057.81,100.0,100,02
194080.0,50.0,1057.81,100.0,100,02
194184.0,35.0,1059.38,100.0,100,02
194184.0,35.0,1059.38,100.0,100,02
194265.0,52.0,1060.94,100.0,100,02
194265.0,52.0,1060.94,100.0,100,02
194386.0,62.0,1062.5,100.0,100,02
194386.0,62.0,1062.5,100.0,100,02
194483.0,63.0,1064.06,100.0,100,02
194483.0,63.0,1064.06,100.0,100,02
194629.0,52.0,1065.62,100.0,100,02
194629.0,52.0,1065.62,100.0,100,02
194710.0,53.0,1067.19,100.0,100,02
194710.0,53.0,1067.19,100.0,100,02
194823.0,38.0,1068.75,100.0,100,02
194823.0,38.0,1068.75,100.0,100,02
194905.0,47.0,1070.31,6.25,100,02
194905.0,47.0,1070.31,6.25,100,02
195006.0,39.0,1071.88,100.0,100,02
195006.0,39.0,1071.88,100.0,100,02
195091.0,29.0,1073.44,100.0,100,02
195091.0,29.0,1073.44,100.0,100,02
195163.0,42.0,1075.0,100.0,100,02
195163.0,42.0,1075.0,100.0,100,02
195249.0,42.0,1076.56,100.0,100,02
195249.0,42.0,1076.56,100.0,100,02
195331.0,47.0,1078.12,100.0,100,02
195331.0,47.0,1078.12,100.0,100,02
195435.0,39.0,1079.69,100.0,100,02
195435.0,39.0,1079.69,100.0,100,02
195506.0,45.0,1081.25,100.0,100,02
195506.0,45.0,1081.25,100.0,100,02
195586.0,36.0,1082.81,100.0,100,02
195586.0,36.0,1082.81,100.0,100,02
195694.0,35.0,1084.38,100.0,100,02
195694.0,35.0,1084.38,100.0,100,02
195771.0,32.0,1085.94,100.0,100,02
195771.0,32.0,1085.94,100.0,100,02
195905.0,43.0,1087.5,100.0,100,02
195905.0,43.0,1087.5,100.0,100,02
195989.0,35.0,1089.06,100.0,100,02
195989.0,35.0,1089.06,100.0,100,02
196098.0,50.0,1090.62,100.0,100,02
196098.0,50.0,1090.62,100.0,100,02
196224.0,42.0,1092.19,100.0,100,02
196224.0,42.0,1092.19,100.0,100,02
196315.0,28.0,1093.75,100.0,100,02
196315.0,28.0,1093.75,100.0,100,02
196408.0,46.0,1095.31,100.0,100,02
196408.0,46.0,1095.31,100.0,100,02
196500.0,43.0,1096.88,100.0,100,02
196500.0,43.0,1096.88,100.0,100,02
196589.0,51.0,1098.44,100.0,100,02
196589.0,51.0,1098.44,100.0,100,02
196694.0,109.0,1100.0,100.0,100,02
196694.0,109.0,1100.0,100.0,100,02
196783.0,82.0,1101.56,100.0,100,02
196783.0,82.0,1101.56,100.0,100,02
196865.0,38.0,1103.12,100.0,100,02
196865.0,38.0,1103.12,100.0,100,02
196940.0,42.0,1104.69,100.0,100,02
196940.0,42.0,1104.69,100.0,100,02
197058.0,53.0,1106.25,100.0,100,02
197058.0,53.0,1106.25,100.0,100,02
197141.0,50.0,1107.81,100.0,100,02
197141.0,50.0,1107.81,100.0,100,02
197231.0,50.0,1109.38,100.0,100,02
197231.0,50.0,1109.38,100.0,100,02
197346.0,55.0,1110.94,100.0,100,02
197346.0,55.0,1110.94,100.0,100,02
197456.0,62.0,1112.5,100.0,100,02
197456.0,62.0,1112.5,100.0,100,02
197538.0,50.0,1114.06,100.0,100,02
197538.0,50.0,1114.06,100.0,100,02
197628.0,49.0,1115.62,100.0,100,02
197628.0,49.0,1115.62,100.0,100,02
197711.0,74.0,1117.19,100.0,100,02
197711.0,74.0,1117.19,100.0,100,02
197804.0,61.0,1118.75,100.0,100,02
197804.0,61.0,1118.75,100.0,100,02
197883.0,53.0,1120.31,100.0,100,02
197883.0,53.0,1120.31,100.0,100,02
197961.0,52.0,1121.88,100.0,100,02
197961.0,52.0,1121.88,100.0,100,02
198056.0,70.0,1123.44,100.0,100,02
198056.0,70.0,1123.44,100.0,100,02
198146.0,56.0,1125.0,100.0,100,02
198146.0,56.0,1125.0,100.0,100,02
198213.0,49.0,1126.56,100.0,100,02
198213.0,49.0,1126.56,100.0,100,02
198293.0,62.0,1128.12,100.0,100,02
198293.0,62.0,1128.12,100.0,100,02
198373.0,84.0,1129.69,100.0,100,02
198373.0,84.0,1129.69,100.0,100,02
198445.0,68.0,1131.25,100.0,100,02
198445.0,68.0,1131.25,100.0,100,02
198522.0,67.0,1132.81,100.0,100,02
198522.0,67.0,1132.81,100.0,100,02
198633.0,45.0,1134.38,100.0,100,02
198633.0,45.0,1134.38,100.0,100,02
199151.0,29.0,1135.94,100.0,100,02
199151.0,29.0,1135.94,100.0,100,02
199641.0,106.0,1137.5,100.0,100,02
199641.0,106.0,1137.5,100.0,100,02
199811.0,43.0,1139.06,100.0,100,02
199811.0,43.0,1139.06,100.0,100,02
200105.0,67.0,1140.62,100.0,100,02
200105.0,67.0,1140.62,100.0,100,02
200493.0,40.0,1142.19,100.0,100,02
200493.0,40.0,1142.19,100.0,100,02
200847.0,36.0,1143.75,100.0,100,02
200847.0,36.0,1143.75,100.0,100,02
201259.0,31.0,1145.31,100.0,100,02
201259.0,31.0,1145.31,100.0,100,02
201597.0,25.0,1146.88,100.0,100,02
201597.0,25.0,1146.88,100.0,100,02
201833.0,34.0,1148.44,100.0,100,02
201833.0,34.0,1148.44,100.0,100,02
202040.0,48.0,1150.0,100.0,100,02
202040.0,48.0,1150.0,100.0,100,02
202372.0,38.0,1151.56,100.0,100,02
202372.0,38.0,1151.56,100.0,100,02
202548.0,39.0,1153.12,100.0,100,02
202548.0,39.0,1153.12,100.0,100,02
202701.0,41.0,1154.69,100.0,100,02
202701.0,41.0,1154.69,100.0,100,02
203121.0,47.0,1156.25,100.0,100,02
203121.0,47.0,1156.25,100.0,100,02
203295.0,50.0,1157.81,50.0,100,02
203295.0,50.0,1157.81,50.0,100,02
203470.0,97.0,1159.38,100.0,100,02
203470.0,97.0,1159.38,100.0,100,02
203614.0,28.0,1160.94,100.0,100,02
203614.0,28.0,1160.94,100.0,100,02
203772.0,32.0,1162.5,100.0,100,02
203772.0,32.0,1162.5,100.0,100,02
203923.0,28.0,1164.06,100.0,100,02
203923.0,28.0,1164.06,100.0,100,02
204080.0,36.0,1165.62,100.0,100,02
204080.0,36.0,1165.62,100.0,100,02
204221.0,31.0,1167.19,100.0,100,02
204221.0,31.0,1167.19,100.0,100,02
204354.0,73.0,1168.75,100.0,100,02
204354.0,73.0,1168.75,100.0,100,02
204475.0,39.0,1170.31,100.0,100,02
204475.0,39.0,1170.31,100.0,100,02
204610.0,36.0,1171.88,100.0,100,02
204610.0,36.0,1171.88,100.0,100,02
204838.0,40.0,1173.44,100.0,100,02
204838.0,40.0,1173.44,100.0,100,02
205186.0,36.0,1175.0,100.0,100,02
205186.0,36.0,1175.0,100.0,100,02
205338.0,23.0,1176.56,100.0,100,02
205338.0,23.0,1176.56,100.0,100,02
205505.0,56.0,1178.12,100.0,100,02
205505.0,56.0,1178.12,100.0,100,02
205738.0,52.0,1179.69,100.0,100,02
205738.0,52.0,1179.69,100.0,100,02
205837.0,31.0,1181.25,100.0,100,02
205837.0,31.0,1181.25,100.0,100,02
205977.0,40.0,1182.81,100.0,100,02
205977.0,40.0,1182.81,100.0,100,02
206104.0,38.0,1184.38,100.0,100,02
206104.0,38.0,1184.38,100.0,100,02
206246.0,33.0,1185.94,100.0,100,02
206246.0,33.0,1185.94,100.0,100,02
206358.0,53.0,1187.5,100.0,100,02
206358.0,53.0,1187.5,100.0,100,02
206484.0,48.0,1189.06,100.0,100,02
206484.0,48.0,1189.06,100.0,100,02
206588.0,43.0,1190.62,100.0,100,02
206588.0,43.0,1190.62,100.0,100,02
206727.0,56.0,1192.19,100.0,100,02
206727.0,56.0,1192.19,100.0,100,02
206839.0,41.0,1193.75,100.0,100,02
206839.0,41.0,1193.75,100.0,100,02
206994.0,65.0,1195.31,100.0,100,02
206994.0,65.0,1195.31,100.0,100,02
207101.0,37.0,1196.88,100.0,100,02
207101.0,37.0,1196.88,100.0,100,02
207202.0,48.0,1198.44,100.0,100,02
207202.0,48.0,1198.44,100.0,100,02
207300.0,63.0,1200.0,100.0,100,02
207300.0,63.0,1200.0,100.0,100,02
207395.0,44.0,1201.56,100.0,100,02
207395.0,44.0,1201.56,100.0,100,02
207481.0,46.0,1203.12,100.0,100,02
207481.0,46.0,1203.12,100.0,100,02
207590.0,50.0,1204.69,100.0,100,02
207590.0,50.0,1204.69,100.0,100,02
207736.0,68.0,1206.25,100.0,100,02
207736.0,68.0,1206.25,100.0,100,02
207874.0,42.0,1207.81,100.0,100,02
207874.0,42.0,1207.81,100.0,100,02
207993.0,45.0,1209.38,100.0,100,02
207993.0,45.0,1209.38,100.0,100,02
208097.0,32.0,1210.94,100.0,100,02
208097.0,32.0,1210.94,100.0,100,02
208193.0,64.0,1212.5,100.0,100,02
208193.0,64.0,1212.5,100.0,100,02
208278.0,64.0,1214.06,100.0,100,02
208278.0,64.0,1214.06,100.0,100,02
208358.0,57.0,1215.62,100.0,100,02
208358.0,57.0,1215.62,100.0,100,02
208496.0,51.0,1217.19,100.0,100,02
208496.0,51.0,1217.19,100.0,100,02
208596.0,39.0,1218.75,100.0,100,02
208596.0,39.0,1218.75,100.0,100,02
208685.0,60.0,1220.31,100.0,100,02
208685.0,60.0,1220.31,100.0,100,02
208773.0,83.0,1221.88,100.0,100,02
208773.0,83.0,1221.88,100.0,100,02
208876.0,58.0,1223.44,100.0,100,02
208876.0,58.0,1223.44,100.0,100,02
208985.0,49.0,1225.0,100.0,100,02
208985.0,49.0,1225.0,100.0,100,02
209085.0,57.0,1226.56,100.0,100,02
209085.0,57.0,1226.56,100.0,100,02
209205.0,43.0,1228.12,100.0,100,02
209205.0,43.0,1228.12,100.0,100,02
209291.0,59.0,1229.69,100.0,100,02
209291.0,59.0,1229.69,100.0,100,02
209378.0,43.0,1231.25,100.0,100,02
209378.0,43.0,1231.25,100.0,100,02
209484.0,64.0,1232.81,100.0,100,02
209484.0,64.0,1232.81,100.0,100,02
209566.0,54.0,1234.38,100.0,100,02
209566.0,54.0,1234.38,100.0,100,02
209674.0,68.0,1235.94,100.0,100,02
209674.0,68.0,1235.94,100.0,100,02
209771.0,52.0,1237.5,100.0,100,02
209771.0,52.0,1237.5,100.0,100,02
209897.0,42.0,1239.06,100.0,100,02
209897.0,42.0,1239.06,100.0,100,02
209987.0,114.0,1240.62,100.0,100,02
209987.0,114.0,1240.62,100.0,100,02
210085.0,63.0,1242.19,100.0,100,02
210085.0,63.0,1242.19,100.0,100,02
210170.0,45.0,1243.75,100.0,100,02
210170.0,45.0,1243.75,100.0,100,02
210269.0,52.0,1245.31,100.0,100,02
210269.0,52.0,1245.31,100.0,100,02
210361.0,127.0,1246.88,100.0,100,02
210361.0,127.0,1246.88,100.0,100,02
210448.0,71.0,1248.44,100.0,100,02
210448.0,71.0,1248.44,100.0,100,02
210548.0,56.0,1250.0,100.0,100,02
210548.0,56.0,1250.0,100.0,100,02
210662.0,36.0,1251.56,100.0,100,02
210662.0,36.0,1251.56,100.0,100,02
210767.0,64.0,1253.12,100.0,100,02
210767.0,64.0,1253.12,100.0,100,02
210901.0,73.0,1254.69,100.0,100,02
210901.0,73.0,1254.69,100.0,100,02
211022.0,63.0,1256.25,100.0,100,02
211022.0,63.0,1256.25,100.0,100,02
211128.0,45.0,1257.81,100.0,100,02
211128.0,45.0,1257.81,100.0,100,02
211251.0,51.0,1259.38,100.0,100,02
211251.0,51.0,1259.38,100.0,100,02
211366.0,45.0,1260.94,100.0,100,02
211366.0,45.0,1260.94,100.0,100,02
211442.0,51.0,1262.5,100.0,100,02
211442.0,51.0,1262.5,100.0,100,02
211558.0,58.0,1264.06,100.0,100,02
211558.0,58.0,1264.06,100.0,100,02
211639.0,78.0,1265.62,100.0,100,02
211639.0,78.0,1265.62,100.0,100,02
211741.0,59.0,1267.19,100.0,100,02
211741.0,59.0,1267.19,100.0,100,02
211822.0,54.0,1268.75,100.0,100,02
211822.0,54.0,1268.75,100.0,100,02
211916.0,50.0,1270.31,100.0,100,02
211916.0,50.0,1270.31,100.0,100,02
212005.0,51.0,1271.88,100.0,100,02
212005.0,51.0,1271.88,100.0,100,02
212125.0,71.0,1273.44,100.0,100,02
212125.0,71.0,1273.44,100.0,100,02
212215.0,78.0,1275.0,100.0,100,02
212215.0,78.0,1275.0,100.0,100,02
212310.0,55.0,1276.56,100.0,100,02
212310.0,55.0,1276.56,100.0,100,02
212427.0,57.0,1278.12,100.0,100,02
212427.0,57.0,1278.12,100.0,100,02
212545.0,66.0,1279.69,100.0,100,02
212545.0,66.0,1279.69,100.0,100,02
212640.0,52.0,1281.25,100.0,100,02
212640.0,52.0,1281.25,100.0,100,02
212725.0,54.0,1282.81,100.0,100,02
212725.0,54.0,1282.81,100.0,100,02
212858.0,53.0,1284.38,100.0,100,02
212858.0,53.0,1284.38,100.0,100,02
212963.0,55.0,1285.94,100.0,100,02
212963.0,55.0,1285.94,100.0,100,02
213098.0,125.0,1287.5,100.0,100,02
213098.0,125.0,1287.5,100.0,100,02
213313.0,52.0,1289.06,100.0,100,02
213313.0,52.0,1289.06,100.0,100,02
213460.0,67.0,1290.62,100.0,100,02
213460.0,67.0,1290.62,100.0,100,02
213621.0,58.0,1292.19,100.0,100,02
213621.0,58.0,1292.19,100.0,100,02
213782.0,43.0,1293.75,100.0,100,02
213782.0,43.0,1293.75,100.0,100,02
213971.0,54.0,1295.31,100.0,100,02
213971.0,54.0,1295.31,100.0,100,02
214169.0,21.0,1296.88,100.0,100,02
214169.0,21.0,1296.88,100.0,100,02
214699.0,37.0,1298.44,100.0,100,02
214699.0,37.0,1298.44,100.0,100,02
214945.0,27.0,1300.0,100.0,100,02
214945.0,27.0,1300.0,100.0,100,02
215201.0,134.0,1301.56,100.0,100,02
215201.0,134.0,1301.56,100.0,100,02
215425.0,47.0,1303.12,100.0,100,02
215425.0,47.0,1303.12,100.0,100,02
215970.0,46.0,1304.69,100.0,100,02
215970.0,46.0,1304.69,100.0,100,02
216084.0,26.0,1306.25,100.0,100,02
216084.0,26.0,1306.25,100.0,100,02
216366.0,42.0,1307.81,100.0,100,02
216366.0,42.0,1307.81,100.0,100,02
216477.0,23.0,1309.38,100.0,100,02
216477.0,23.0,1309.38,100.0,100,02
216558.0,89.0,1310.94,100.0,100,02
216558.0,89.0,1310.94,100.0,100,02
216640.0,50.0,1312.5,100.0,100,02
216640.0,50.0,1312.5,100.0,100,02
216777.0,45.0,1314.06,100.0,100,02
216777.0,45.0,1314.06,100.0,100,02
217010.0,16.0,1315.62,100.0,100,02
217010.0,16.0,1315.62,100.0,100,02
217110.0,76.0,1317.19,100.0,100,02
217110.0,76.0,1317.19,100.0,100,02
217388.0,59.0,1318.75,100.0,100,02
217388.0,59.0,1318.75,100.0,100,02
217507.0,62.0,1320.31,100.0,100,02
217507.0,62.0,1320.31,100.0,100,02
217758.0,55.0,1321.88,100.0,100,02
217758.0,55.0,1321.88,100.0,100,02
217980.0,44.0,1323.44,100.0,100,02
217980.0,44.0,1323.44,100.0,100,02
218064.0,44.0,1325.0,100.0,100,02
218064.0,44.0,1325.0,100.0,100,02
218322.0,63.0,1326.56,100.0,100,02
218322.0,63.0,1326.56,100.0,100,02
